id,produto,prazo,valor,dias_corridos_ref,dias_corridos_api,du_ref,du_api,du_convencao_api,bruto_ref,bruto_api,bruto_ref_com_du_api,custodia_ref,custodia_api,iof_ref,aliquota_ref,aliquota_api,ir_ref,ir_api,ir_api_recalculado,rfl_ref,rfl_api
D1-0090,TIPCA,1080,1954.2200,1080,1080,742,745,745,2828.5845,2832.8200,2832.8167,13.9071,14.1500,0.0000,15.0000,15,131.1547,131.7900,131.7900,729.3028,732.6600
D1-0190,TIPCA,1080,1954.2200,1080,1080,742,745,745,2811.2724,2815.4100,2815.4088,13.8619,14.1000,0.0000,15.0000,15,128.5579,129.1800,129.1800,714.6326,717.9100
D1-0233,TPRE,360,335.1800,360,360,249,251,251,382.5016,382.9100,382.9076,0.7072,0.7100,0.0000,20.0000,20,9.4643,9.5500,9.5500,37.1501,37.4700
D1-0234,TPRE,720,335.1800,718,718,494,497,497,430.8853,431.5400,431.5430,1.4920,1.5100,0.0000,17.5000,17.5000,16.7484,16.8600,16.8600,77.4648,77.9900
D1-0235,TPRE,1080,335.1800,1080,1080,742,745,745,488.2859,489.0300,489.0292,2.3935,2.4400,0.0000,15.0000,15,22.9659,23.0800,23.0800,127.7465,128.3400
D1-0283,TPRE,360,1954.2200,360,360,249,251,251,2230.1222,2232.5100,2232.4891,4.1233,4.1200,0.0000,20.0000,20,55.1804,55.6600,55.6600,216.5984,218.5200
D1-0284,TPRE,720,1954.2200,718,718,494,497,497,2512.2162,2516.0700,2516.0511,8.6990,8.7800,0.0000,17.5000,17.5000,97.6493,98.3200,98.3200,451.6478,454.7500
D1-0285,TPRE,1080,1954.2200,1080,1080,742,745,745,2846.8824,2851.2500,2851.2163,13.9547,14.2100,0.0000,15.0000,15,133.8994,134.5500,134.5500,744.8083,748.2700
D1-0290,TIPCA,1080,1954.2200,1080,1080,742,745,745,2853.1419,2857.5100,2857.5107,13.9710,14.2200,0.0000,15.0000,15,134.8383,135.4900,135.4900,750.1126,753.5700
D1-0333,TPRE,360,335.1800,360,360,249,251,251,381.1790,381.5800,381.5729,0.7060,0.7000,0.0000,20.0000,20,9.1998,9.2800,9.2800,36.0932,36.4100
D1-0334,TPRE,720,335.1800,720,720,494,497,497,427.9179,428.5600,428.5532,1.4867,1.5000,0.0000,17.5000,17.5000,16.2291,16.3400,16.3400,75.0221,75.5300
D1-0335,TPRE,1080,335.1800,1080,1080,742,745,745,484.1223,484.8500,484.8425,2.3826,2.4200,0.0000,15.0000,15,22.3413,22.4500,22.4500,124.2183,124.7900
D1-0383,TPRE,360,1954.2200,360,360,249,251,251,2222.4105,2224.7300,2224.7073,4.1161,4.1100,0.0000,20.0000,20,53.6381,54.1000,54.1000,210.4363,212.3000
D1-0384,TPRE,720,1954.2200,720,720,494,497,497,2494.9155,2498.6400,2498.6191,8.6678,8.7700,0.0000,17.5000,17.5000,94.6217,95.2700,95.2700,437.4059,440.3800
D1-0385,TPRE,1080,1954.2200,1080,1080,742,745,745,2822.6070,2826.8400,2826.8060,13.8915,14.1300,0.0000,15.0000,15,130.2580,130.8900,130.8900,724.2374,727.5900
D1-0390,TIPCA,1080,1954.2200,1080,1080,742,745,745,2829.6436,2833.8800,2833.8816,13.9098,14.1500,0.0000,15.0000,15,131.3135,131.9500,131.9500,730.2002,733.5600
D1-0428,TS,360,335.1800,358,358,246,248,248,383.9628,384.3900,384.3872,0.0000,0.7000,0.0000,20.0000,20,9.7566,9.8400,9.8400,39.0262,38.6600
D1-0429,TS,720,335.1800,720,720,493,496,496,440.2606,440.9900,440.9918,0.0000,1.5300,0.0000,17.5000,17.5000,18.3891,18.5200,18.5200,86.6915,85.7700
D1-0430,TS,1080,335.1800,1079,1079,740,743,743,505.1591,506,505.9999,0.0000,2.4800,0.0000,15.0000,15,25.4969,25.6200,25.6200,144.4822,142.7100
D1-0433,TPRE,360,335.1800,358,358,246,248,248,380.8171,381.2100,381.2126,0.6971,0.7000,0.0000,20.0000,20,9.1274,9.2100,9.2100,35.8126,36.1200
D1-0434,TPRE,720,335.1800,720,720,493,496,496,428.0758,428.7200,428.7136,1.4839,1.5000,0.0000,17.5000,17.5000,16.2568,16.3700,16.3700,75.1551,75.6600
D1-0435,TPRE,1080,335.1800,1079,1079,740,743,743,483.2668,483.9800,483.9842,2.3740,2.4200,0.0000,15.0000,15,22.2130,22.3200,22.3200,123.4998,124.0600
D1-0453,TS,360,335.1800,358,358,246,248,248,383.9628,384.3900,384.3872,0.0000,0.7000,0.0000,20.0000,20,9.7566,9.8400,9.8400,39.0262,38.6600
D1-0454,TS,720,335.1800,720,720,493,496,496,440.2606,440.9900,440.9918,0.0000,1.5300,0.0000,17.5000,17.5000,18.3891,18.5200,18.5200,86.6915,85.7700
D1-0455,TS,1080,335.1800,1079,1079,740,743,743,505.1591,506,505.9999,0.0000,2.4800,0.0000,15.0000,15,25.4969,25.6200,25.6200,144.4822,142.7100
D1-0478,TS,360,1954.2200,358,358,246,248,248,2238.6410,2241.1200,2241.1154,0.0000,4.1000,0.0000,20.0000,20,56.8842,57.3800,57.3800,227.5368,225.4100
D1-0479,TS,720,1954.2200,720,720,493,496,496,2566.8779,2571.1400,2571.1409,0.0000,8.9100,0.0000,17.5000,17.5000,107.2151,107.9600,107.9600,505.4427,500.0500
D1-0480,TS,1080,1954.2200,1079,1079,740,743,743,2945.2593,2950.1600,2950.1613,0.0000,14.4800,0.0000,15.0000,15,148.6559,149.3900,149.3900,842.3834,832.0700
D1-0483,TPRE,360,1954.2200,358,358,246,248,248,2220.3010,2222.6100,2222.6064,4.0645,4.0900,0.0000,20.0000,20,53.2162,53.6800,53.6800,208.8003,210.6300
D1-0484,TPRE,720,1954.2200,720,720,493,496,496,2495.8361,2499.5700,2499.5543,8.6519,8.7700,0.0000,17.5000,17.5000,94.7828,95.4400,95.4400,438.1813,441.1400
D1-0485,TPRE,1080,1954.2200,1079,1079,740,743,743,2817.6191,2821.8100,2821.8018,13.8411,14.1100,0.0000,15.0000,15,129.5099,130.1400,130.1400,720.0482,723.3400
D1-0490,TIPCA,1080,1954.2200,1079,1079,740,743,743,2828.1686,2832.4100,2832.4099,13.8685,14.1400,0.0000,15.0000,15,131.0923,131.7300,131.7300,728.9878,732.3200
D1-0528,TS,360,335.1800,360,360,247,249,249,384.1373,384.5600,384.5615,0.0000,0.7100,0.0000,20.0000,20,9.7915,9.8800,9.8800,39.1658,38.8000
D1-0529,TS,720,335.1800,720,720,492,495,495,440.0172,440.7500,440.7479,0.0000,1.5300,0.0000,17.5000,17.5000,18.3465,18.4700,18.4700,86.4907,85.5700
D1-0530,TS,1080,335.1800,1080,1080,740,743,743,505.1591,506,505.9999,0.0000,2.4900,0.0000,15.0000,15,25.4969,25.6200,25.6200,144.4822,142.7100
D1-0533,TPRE,360,335.1800,360,360,247,249,249,380.3594,380.7400,380.7491,0.6995,0.7000,0.0000,20.0000,20,9.0359,9.1100,9.1100,35.4440,35.7500
D1-0534,TPRE,720,335.1800,720,720,492,495,495,426.4640,427.0900,427.0908,1.4780,1.5000,0.0000,17.5000,17.5000,15.9747,16.0800,16.0800,73.8312,74.3200
D1-0535,TPRE,1080,335.1800,1080,1080,740,743,743,481.7649,482.4700,482.4740,2.3701,2.4200,0.0000,15.0000,15,21.9877,22.0900,22.0900,122.2271,122.7800
D1-0553,TS,360,335.1800,360,360,247,249,249,384.1373,384.5600,384.5615,0.0000,0.7100,0.0000,20.0000,20,9.7915,9.8800,9.8800,39.1658,38.8000
D1-0554,TS,720,335.1800,720,720,492,495,495,440.0172,440.7500,440.7479,0.0000,1.5300,0.0000,17.5000,17.5000,18.3465,18.4700,18.4700,86.4907,85.5700
D1-0555,TS,1080,335.1800,1080,1080,740,743,743,505.1591,506,505.9999,0.0000,2.4900,0.0000,15.0000,15,25.4969,25.6200,25.6200,144.4822,142.7100
D1-0578,TS,360,1954.2200,360,360,247,249,249,2239.6584,2242.1300,2242.1321,0.0000,4.1300,0.0000,20.0000,20,57.0877,57.5800,57.5800,228.3507,226.2000
D1-0579,TS,720,1954.2200,720,720,492,495,495,2565.4584,2569.7200,2569.7191,0.0000,8.9100,0.0000,17.5000,17.5000,106.9667,107.7100,107.7100,504.2717,498.8800
D1-0580,TS,1080,1954.2200,1080,1080,740,743,743,2945.2593,2950.1600,2950.1613,0.0000,14.5000,0.0000,15.0000,15,148.6559,149.3900,149.3900,842.3834,832.0500
D1-0583,TPRE,360,1954.2200,360,360,247,249,249,2217.6324,2219.9000,2219.9041,4.0785,4.1100,0.0000,20.0000,20,52.6825,53.1400,53.1400,206.6514,208.4400
D1-0584,TPRE,720,1954.2200,720,720,492,495,495,2486.4384,2490.0900,2490.0928,8.6175,8.7500,0.0000,17.5000,17.5000,93.1382,93.7800,93.7800,430.4627,433.3400
D1-0585,TPRE,1080,1954.2200,1080,1080,740,743,743,2808.8626,2813.0100,2812.9968,13.8183,14.0900,0.0000,15.0000,15,128.1964,128.8200,128.8200,712.6279,715.8800
D1-0590,TIPCA,1080,1954.2200,1080,1080,740,743,743,2836.7279,2841.0200,2841.0168,13.8907,14.1800,0.0000,15.0000,15,132.3762,133.0200,133.0200,736.2410,739.6000
D1-0628,TS,360,335.1800,360,360,246,248,248,383.9628,384.3900,384.3872,0.0000,0.7100,0.0000,20.0000,20,9.7566,9.8400,9.8400,39.0262,38.6600
D1-0629,TS,720,335.1800,720,720,491,493,493,439.7738,440.2600,440.2606,0.0000,1.5300,0.0000,17.5000,17.5000,18.3039,18.3900,18.3900,86.2899,85.1600
D1-0630,TS,1080,335.1800,1080,1080,739,741,741,504.7312,505.2900,505.2907,0.0000,2.4800,0.0000,15.0000,15,25.4327,25.5200,25.5200,144.1185,142.1100
D1-0633,TPRE,360,335.1800,360,360,246,248,248,379.2840,379.6700,379.6654,0.6957,0.7000,0.0000,20.0000,20,8.8208,8.9000,8.9000,34.5875,34.8900
D1-0634,TPRE,720,335.1800,720,720,491,493,493,423.8360,424.2300,424.2413,1.4703,1.5000,0.0000,17.5000,17.5000,15.5148,15.5800,15.5800,71.6709,71.9700
D1-0635,TPRE,1080,335.1800,1080,1080,739,741,741,477.2979,477.7600,477.7547,2.3552,2.4000,0.0000,15.0000,15,21.3177,21.3900,21.3900,118.4450,118.7900
D1-0653,TS,360,335.1800,360,360,246,248,248,383.9628,384.3900,384.3872,0.0000,0.7100,0.0000,20.0000,20,9.7566,9.8400,9.8400,39.0262,38.6600
D1-0654,TS,720,335.1800,720,720,491,493,493,439.7738,440.2600,440.2606,0.0000,1.5300,0.0000,17.5000,17.5000,18.3039,18.3900,18.3900,86.2899,85.1600
D1-0655,TS,1080,335.1800,1080,1080,739,741,741,504.7312,505.2900,505.2907,0.0000,2.4800,0.0000,15.0000,15,25.4327,25.5200,25.5200,144.1185,142.1100
D1-0678,TS,360,1954.2200,360,360,246,248,248,2238.6410,2241.1200,2241.1154,0.0000,4.1300,0.0000,20.0000,20,56.8842,57.3800,57.3800,227.5368,225.3900
D1-0679,TS,720,1954.2200,720,720,491,493,493,2564.0397,2566.8800,2566.8779,0.0000,8.9100,0.0000,17.5000,17.5000,106.7185,107.2200,107.2200,503.1013,496.5400
D1-0680,TS,1080,1954.2200,1080,1080,739,741,741,2942.7646,2946.0300,2946.0267,0.0000,14.4900,0.0000,15.0000,15,148.2817,148.7700,148.7700,840.2629,828.5500
D1-0683,TPRE,360,1954.2200,360,360,246,248,248,2211.3622,2213.6000,2213.5858,4.0562,4.1000,0.0000,20.0000,20,51.4284,51.8800,51.8800,201.6576,203.4000
D1-0684,TPRE,720,1954.2200,720,720,491,493,493,2471.1162,2473.4800,2473.4795,8.5724,8.7200,0.0000,17.5000,17.5000,90.4568,90.8700,90.8700,417.8669,419.6700
D1-0685,TPRE,1080,1954.2200,1080,1080,739,741,741,2782.8184,2785.5100,2785.4818,13.7317,14.0100,0.0000,15.0000,15,124.2898,124.6900,124.6900,690.5769,692.5900
D1-0690,TIPCA,1080,1954.2200,1080,1080,739,741,741,2783.0814,2785.7500,2785.7458,13.7324,14.0100,0.0000,15.0000,15,124.3292,124.7300,124.7300,690.7998,692.7800
D1-0728,TS,360,335.1800,360,360,247,249,249,384.1373,384.5600,384.5615,0.0000,0.7100,0.0000,20.0000,20,9.7915,9.8800,9.8800,39.1658,38.8000
D1-0729,TS,720,335.1800,718,718,493,495,495,440.2606,440.7500,440.7479,0.0000,1.5200,0.0000,17.5000,17.5000,18.3891,18.4700,18.4700,86.6915,85.5700
D1-0730,TS,1080,335.1800,1080,1080,740,743,743,505.0109,505.8500,505.8508,0.0000,2.4900,0.0000,15.0000,15,25.4746,25.6000,25.6000,144.3563,142.5800
D1-0731,TPRE,15,335.1800,15,15,11,12,12,337.0573,337.2300,337.2285,0.0293,0.0300,0.9387,22.5000,22.5000,0.2112,0.4600,0.4600,0.6981,1.5600
D1-0732,TPRE,180,335.1800,179,179,123,124,124,356.7806,356.9600,356.9618,0.3372,0.3400,0.0000,22.5000,22.5000,4.8601,4.9000,4.9000,16.4033,16.5400
D1-0733,TPRE,360,335.1800,360,360,247,249,249,379.9662,380.3500,380.3523,0.6992,0.7000,0.0000,20.0000,20,8.9572,9.0300,9.0300,35.1298,35.4300
D1-0734,TPRE,720,335.1800,718,718,493,495,495,426.0090,426.4200,426.4236,1.4802,1.5000,0.0000,17.5000,17.5000,15.8951,15.9700,15.9700,73.4537,73.7800
D1-0735,TPRE,1080,335.1800,1080,1080,740,743,743,481.8899,482.6000,482.5997,2.3704,2.4200,0.0000,15.0000,15,22.0065,22.1100,22.1100,122.3330,122.8900
D1-0753,TS,360,335.1800,360,360,247,249,249,384.1373,384.5600,384.5615,0.0000,0.7100,0.0000,20.0000,20,9.7915,9.8800,9.8800,39.1658,38.8000
D1-0754,TS,720,335.1800,718,718,493,495,495,440.2606,440.7500,440.7479,0.0000,1.5200,0.0000,17.5000,17.5000,18.3891,18.4700,18.4700,86.6915,85.5700
D1-0755,TS,1080,335.1800,1080,1080,740,743,743,505.0109,505.8500,505.8508,0.0000,2.4900,0.0000,15.0000,15,25.4746,25.6000,25.6000,144.3563,142.5800
D1-0778,TS,360,1954.2200,360,360,247,249,249,2239.6584,2242.1300,2242.1321,0.0000,4.1300,0.0000,20.0000,20,57.0877,57.5800,57.5800,228.3507,226.2000
D1-0779,TS,720,1954.2200,718,718,493,495,495,2566.8779,2569.7200,2569.7191,0.0000,8.8900,0.0000,17.5000,17.5000,107.2151,107.7100,107.7100,505.4427,498.9000
D1-0780,TS,1080,1954.2200,1080,1080,740,743,743,2944.3952,2949.2900,2949.2923,0.0000,14.5000,0.0000,15.0000,15,148.5263,149.2600,149.2600,841.6489,831.3200
D1-0781,TPRE,15,1954.2200,15,15,11,12,12,1965.1654,1966.1700,1966.1634,0.1709,0.1500,5.4727,22.5000,22.5000,1.2314,2.6900,2.6900,4.0705,9.1100
D1-0782,TPRE,180,1954.2200,179,179,123,124,124,2080.1595,2081.2200,2081.2160,1.9661,1.9700,0.0000,22.5000,22.5000,28.3364,28.5800,28.5700,95.6370,96.4600
D1-0783,TPRE,360,1954.2200,360,360,247,249,249,2215.3397,2217.6000,2217.5905,4.0764,4.1000,0.0000,20.0000,20,52.2239,52.6800,52.6800,204.8194,206.6000
D1-0784,TPRE,720,1954.2200,718,718,493,495,495,2483.7857,2486.2100,2486.2031,8.6302,8.7200,0.0000,17.5000,17.5000,92.6740,93.1000,93.1000,428.2615,430.1700
D1-0785,TPRE,1080,1954.2200,1080,1080,740,743,743,2809.5916,2813.7600,2813.7298,13.8202,14.0900,0.0000,15.0000,15,128.3057,128.9300,128.9300,713.2457,716.5100
D1-0790,TIPCA,1080,1954.2200,1080,1080,740,743,743,2763.4958,2767.3800,2767.3806,13.6998,13.9600,0.0000,15.0000,15,121.3914,121.9700,121.9700,674.1847,677.2300
D1-0828,TS,360,335.1800,360,360,246,248,248,383.9253,384.3500,384.3493,0.0000,0.7100,0.0000,20.0000,20,9.7491,9.8300,9.8300,38.9962,38.6300
D1-0829,TS,720,335.1800,720,720,493,495,495,440.2606,440.7500,440.7479,0.0000,1.5300,0.0000,17.5000,17.5000,18.3891,18.4700,18.4700,86.6915,85.5700
D1-0830,TS,1080,335.1800,1080,1080,738,741,741,504.3041,505.1400,505.1423,0.0000,2.4800,0.0000,15.0000,15,25.3686,25.4900,25.4900,143.7555,141.9800
D1-0831,TPRE,15,335.1800,15,15,9,10,10,336.6834,336.8500,336.8509,0.0240,0.0300,0.7517,22.5000,22.5000,0.1691,0.3800,0.3800,0.5586,1.2700
D1-0832,TPRE,180,335.1800,178,178,122,123,123,356.1435,356.3200,356.3206,0.3342,0.3400,0.0000,22.5000,22.5000,4.7168,4.7600,4.7600,15.9125,16.0500
D1-0853,TS,360,335.1800,360,360,246,248,248,383.9253,384.3500,384.3493,0.0000,0.7100,0.0000,20.0000,20,9.7491,9.8300,9.8300,38.9962,38.6300
D1-0854,TS,720,335.1800,720,720,493,495,495,440.2606,440.7500,440.7479,0.0000,1.5300,0.0000,17.5000,17.5000,18.3891,18.4700,18.4700,86.6915,85.5700
D1-0855,TS,1080,335.1800,1080,1080,738,741,741,504.3041,505.1400,505.1423,0.0000,2.4800,0.0000,15.0000,15,25.3686,25.4900,25.4900,143.7555,141.9800
D1-0878,TS,360,1954.2200,360,360,246,248,248,2238.4226,2240.8900,2240.8949,0.0000,4.1300,0.0000,20.0000,20,56.8405,57.3300,57.3300,227.3620,225.2100
D1-0879,TS,720,1954.2200,720,720,493,495,495,2566.8779,2569.7200,2569.7191,0.0000,8.9100,0.0000,17.5000,17.5000,107.2151,107.7100,107.7100,505.4427,498.8800
D1-0880,TS,1080,1954.2200,1080,1080,738,741,741,2940.2743,2945.1600,2945.1611,0.0000,14.4800,0.0000,15.0000,15,147.9082,148.6400,148.6400,838.1462,827.8200
D1-0881,TPRE,15,1954.2200,15,15,9,10,10,1962.9854,1963.9700,1963.9618,0.1397,0.1500,4.3827,22.5000,22.5000,0.9861,2.1900,2.1900,3.2569,7.4100
D1-0882,TPRE,180,1954.2200,178,178,122,123,123,2076.4448,2077.4900,2077.4776,1.9483,1.9600,0.0000,22.5000,22.5000,27.5006,27.7400,27.7400,92.7759,93.5800
D1-0889,TIPCA,720,1954.2200,720,720,493,495,495,2447.5575,2449.7900,2449.7936,8.5648,8.6800,0.0000,17.5000,17.5000,86.3341,86.7300,86.7200,398.4387,400.1700
D1-0890,TIPCA,1080,1954.2200,1080,1080,738,741,741,2737.2546,2741.0100,2741.0066,13.5941,13.8800,0.0000,15.0000,15,117.4552,118.0200,118.0200,651.9853,654.8900
D1-0926,TS,15,335.1800,15,15,11,12,12,337.2198,337.4100,337.4058,0.0000,0.0300,1.0199,22.5000,22.5000,0.2295,0.5000,0.5000,0.7904,1.7000
D1-0927,TS,180,335.1800,178,178,124,125,125,358.9060,359.1000,359.1040,0.0000,0.3400,0.0000,22.5000,22.5000,5.3384,5.3800,5.3800,18.3877,18.2000
D1-0928,TS,360,335.1800,360,360,246,248,248,383.8878,384.3100,384.3115,0.0000,0.7100,0.0000,20.0000,20,9.7416,9.8300,9.8300,38.9663,38.6000
D1-0929,TS,720,335.1800,720,720,495,497,497,440.6614,441.1500,441.1488,0.0000,1.5300,0.0000,17.5000,17.5000,18.4592,18.5400,18.5400,87.0222,85.9000
D1-0930,TS,1080,335.1800,1080,1080,738,741,741,504.3041,505.1400,505.1423,0.0000,2.4800,0.0000,15.0000,15,25.3686,25.4900,25.4900,143.7555,141.9800
D1-0931,TPRE,15,335.1800,15,15,11,12,12,336.9989,337.1600,337.1648,0.0293,0.0300,0.9095,22.5000,22.5000,0.2046,0.4500,0.4500,0.6755,1.5100
D1-0932,TPRE,180,335.1800,178,178,124,125,125,356.2657,356.4400,356.4410,0.3397,0.3400,0.0000,22.5000,22.5000,4.7443,4.7800,4.7800,16.0017,16.1400
D1-0951,TS,15,335.1800,15,15,11,12,12,337.2198,337.4100,337.4058,0.0000,0.0300,1.0199,22.5000,22.5000,0.2295,0.5000,0.5000,0.7904,1.7000
D1-0952,TS,180,335.1800,178,178,124,125,125,358.9060,359.1000,359.1040,0.0000,0.3400,0.0000,22.5000,22.5000,5.3384,5.3800,5.3800,18.3877,18.2000
D1-0953,TS,360,335.1800,360,360,246,248,248,383.8878,384.3100,384.3115,0.0000,0.7100,0.0000,20.0000,20,9.7416,9.8300,9.8300,38.9663,38.6000
D1-0954,TS,720,335.1800,720,720,495,497,497,440.6614,441.1500,441.1488,0.0000,1.5300,0.0000,17.5000,17.5000,18.4592,18.5400,18.5400,87.0222,85.9000
D1-0955,TS,1080,335.1800,1080,1080,738,741,741,504.3041,505.1400,505.1423,0.0000,2.4800,0.0000,15.0000,15,25.3686,25.4900,25.4900,143.7555,141.9800
D1-0976,TS,15,1954.2200,15,15,11,12,12,1966.1125,1967.2000,1967.1972,0.0000,0.1500,5.9463,22.5000,22.5000,1.3379,2.9200,2.9200,4.6083,9.9100
D1-0977,TS,180,1954.2200,178,178,124,125,125,2092.5513,2093.7100,2093.7057,0.0000,1.9600,0.0000,22.5000,22.5000,31.1245,31.3800,31.3900,107.2067,106.1400
D1-0978,TS,360,1954.2200,360,360,246,248,248,2238.2041,2240.6700,2240.6744,0.0000,4.1300,0.0000,20.0000,20,56.7968,57.2900,57.2900,227.1873,225.0400
D1-0979,TS,720,1954.2200,720,720,495,497,497,2569.2146,2572.0600,2572.0565,0.0000,8.9200,0.0000,17.5000,17.5000,107.6241,108.1200,108.1200,507.3706,500.8000
D1-0980,TS,1080,1954.2200,1080,1080,738,741,741,2940.2743,2945.1600,2945.1611,0.0000,14.4800,0.0000,15.0000,15,147.9082,148.6400,148.6400,838.1462,827.8200
D1-0981,TPRE,15,1954.2200,15,15,11,12,12,1964.8251,1965.8000,1965.7920,0.1709,0.1500,5.3025,22.5000,22.5000,1.1931,2.6100,2.6100,3.9386,8.8200
D1-0982,TPRE,180,1954.2200,178,178,124,125,125,2077.1570,2078.1900,2078.1792,1.9806,1.9600,0.0000,22.5000,22.5000,27.6608,27.8900,27.8900,93.2955,94.1200
D1-0989,TIPCA,720,1954.2200,720,720,495,497,497,2454.9685,2457.2300,2457.2323,8.6130,8.6900,0.0000,17.5000,17.5000,87.6310,88.0300,88.0300,404.5045,406.3000
D1-0990,TIPCA,1080,1954.2200,1080,1080,738,741,741,2745.8797,2749.6800,2749.6787,13.6167,13.9100,0.0000,15.0000,15,118.7490,119.3200,119.3200,659.2940,662.2300
D1-1031,TPRE,15,335.1800,15,15,10,11,11,336.8956,337.0600,337.0677,0.0266,0.0200,0.8578,22.5000,22.5000,0.1930,0.4200,0.4200,0.6382,1.4400
D1-1032,TPRE,180,335.1800,180,180,123,124,124,356.9032,357.0800,357.0855,0.3373,0.3300,0.0000,22.5000,22.5000,4.8877,4.9300,4.9300,16.4982,16.6400
D1-1081,TPRE,15,1954.2200,15,15,10,11,11,1964.2227,1965.2200,1965.2257,0.1553,0.1200,5.0013,22.5000,22.5000,1.1253,2.4700,2.4800,3.7207,8.4100
D1-1082,TPRE,180,1954.2200,180,180,123,124,124,2080.8740,2081.9300,2081.9367,1.9664,1.9500,0.0000,22.5000,22.5000,28.4972,28.7300,28.7300,96.1905,97.0300
D1-1089,TIPCA,720,1954.2200,720,720,493,495,495,2430.4644,2432.6200,2432.6157,8.5337,8.6100,0.0000,17.5000,17.5000,83.3428,83.7200,83.7200,384.3678,386.0700
D1-1090,TIPCA,1080,1954.2200,1079,1079,737,740,740,2707.4899,2711.0900,2711.0855,13.4977,13.7400,0.0000,15.0000,15,112.9905,113.5300,113.5300,626.7817,629.6000
D1-1131,TPRE,15,335.1800,15,15,11,12,12,337.0948,337.2600,337.2694,0.0293,0.0300,0.9574,22.5000,22.5000,0.2154,0.4700,0.4700,0.7127,1.5900
D1-1132,TPRE,180,335.1800,178,178,125,126,126,357.5949,357.7700,357.7801,0.3431,0.3400,0.0000,22.5000,22.5000,5.0433,5.0800,5.0800,17.0284,17.1700
D1-1181,TPRE,15,1954.2200,15,15,11,12,12,1965.3840,1966.4100,1966.4021,0.1709,0.1500,5.5820,22.5000,22.5000,1.2559,2.7400,2.7400,4.1552,9.2900
D1-1182,TPRE,180,1954.2200,178,178,125,126,126,2084.9068,2085.9900,2085.9868,2.0003,1.9600,0.0000,22.5000,22.5000,29.4045,29.6500,29.6500,99.2820,100.1600
D1-1189,TIPCA,720,1954.2200,720,720,494,496,496,2453.8466,2456.1100,2456.1094,8.5935,8.6900,0.0000,17.5000,17.5000,87.4346,87.8300,87.8300,403.5984,405.3700
D1-1190,TIPCA,1080,1954.2200,1080,1080,740,743,743,2748.4271,2752.2300,2752.2297,13.6603,13.9100,0.0000,15.0000,15,119.1311,119.7000,119.7000,661.4158,664.4000
