data_base,produto_id,tipo_titulo,data_vencimento,taxa_compra_aa,pu_compra
2026-05-04,TS,Tesouro Selic,2027-03-01,0.0,18926.61
2026-05-04,TS,Tesouro Selic,2028-03-01,0.02,18920.8
2026-05-04,TS,Tesouro Selic,2029-03-01,0.05,18902.86
2026-05-04,TS,Tesouro Selic,2031-03-01,0.08,18852.7
2026-05-04,TPRE,Tesouro Prefixado,2029-01-01,13.75,711.42
2026-05-04,TPRE,Tesouro Prefixado,2032-01-01,13.87,481.24
2026-05-04,TPRE,Tesouro Prefixado,2028-01-01,13.75,807.59
2026-05-04,TPRE,Tesouro Prefixado,2027-01-01,13.94,917.15
2026-05-04,TPRE,Tesouro Prefixado,2031-01-01,13.8,549.55
2026-05-04,TIPCA,Tesouro IPCA+,2032-08-15,7.68,2956.02
2026-05-04,TIPCA,Tesouro IPCA+,2045-05-15,7.05,1293.81
2026-05-04,TIPCA,Tesouro IPCA+,2040-08-15,7.17,1755.17
2026-05-04,TIPCA,Tesouro IPCA+,2035-05-15,7.48,2457.38
2026-05-04,TIPCA,Tesouro IPCA+,2029-05-15,7.85,3740.77
2026-05-04,TIPCA,Tesouro IPCA+,2050-08-15,6.98,921.16
2026-05-04,TIPCA,Tesouro IPCA+,2026-08-15,9.14,4576.66
2026-04-01,TS,Tesouro Selic,2028-03-01,0.01,18718.08
2026-04-01,TS,Tesouro Selic,2029-03-01,0.04,18701.65
2026-04-01,TS,Tesouro Selic,2031-03-01,0.09,18642.74
2026-04-01,TS,Tesouro Selic,2027-03-01,-0.0,18723.66
2026-04-01,TPRE,Tesouro Prefixado,2031-01-01,13.8,543.94
2026-04-01,TPRE,Tesouro Prefixado,2029-01-01,13.65,705.87
2026-04-01,TPRE,Tesouro Prefixado,2028-01-01,13.62,800.96
2026-04-01,TPRE,Tesouro Prefixado,2027-01-01,13.73,908.94
2026-04-01,TPRE,Tesouro Prefixado,2032-01-01,13.88,476.06
2026-04-01,TIPCA,Tesouro IPCA+,2035-05-15,7.42,2433.48
2026-04-01,TIPCA,Tesouro IPCA+,2032-08-15,7.62,2922.37
2026-04-01,TIPCA,Tesouro IPCA+,2050-08-15,6.98,907.93
2026-04-01,TIPCA,Tesouro IPCA+,2040-08-15,7.2,1722.83
2026-04-01,TIPCA,Tesouro IPCA+,2026-08-15,8.86,4508.08
2026-04-01,TIPCA,Tesouro IPCA+,2029-05-15,7.69,3701.61
2026-04-01,TIPCA,Tesouro IPCA+,2045-05-15,7.06,1272.9
2026-03-02,TS,Tesouro Selic,2027-03-01,0.01,18497.49
2026-03-02,TS,Tesouro Selic,2029-03-01,0.06,18465.75
2026-03-02,TS,Tesouro Selic,2031-03-01,0.1,18408.1
2026-03-02,TS,Tesouro Selic,2028-03-01,0.04,18486.26
2026-03-02,TPRE,Tesouro Prefixado,2032-01-01,13.39,482.61
2026-03-02,TPRE,Tesouro Prefixado,2029-01-01,12.79,713.09
2026-03-02,TPRE,Tesouro Prefixado,2027-01-01,13.2,902.28
2026-03-02,TPRE,Tesouro Prefixado,2028-01-01,12.67,804.32
2026-03-02,TPRE,Tesouro Prefixado,2031-01-01,13.21,551.41
2026-03-02,TIPCA,Tesouro IPCA+,2050-08-15,6.82,929.1
2026-03-02,TIPCA,Tesouro IPCA+,2032-08-15,7.45,2911.56
2026-03-02,TIPCA,Tesouro IPCA+,2035-05-15,7.31,2422.98
2026-03-02,TIPCA,Tesouro IPCA+,2040-08-15,7.04,1736.6
2026-03-02,TIPCA,Tesouro IPCA+,2029-05-15,7.54,3666.66
2026-03-02,TIPCA,Tesouro IPCA+,2045-05-15,6.89,1294.64
2026-03-02,TIPCA,Tesouro IPCA+,2026-08-15,9.85,4423.32
2026-02-02,TS,Tesouro Selic,2026-03-01,0.03,18316.21
2026-02-02,TS,Tesouro Selic,2031-03-01,0.1,18225.63
2026-02-02,TS,Tesouro Selic,2028-03-01,0.05,18299.45
2026-02-02,TS,Tesouro Selic,2029-03-01,0.06,18282.21
2026-02-02,TS,Tesouro Selic,2027-03-01,0.02,18313.2
2026-02-02,TPRE,Tesouro Prefixado,2031-01-01,13.15,547.96
2026-02-02,TPRE,Tesouro Prefixado,2028-01-01,12.66,797.63
2026-02-02,TPRE,Tesouro Prefixado,2032-01-01,13.34,479.53
2026-02-02,TPRE,Tesouro Prefixado,2027-01-01,13.35,893.25
2026-02-02,TPRE,Tesouro Prefixado,2029-01-01,12.75,707.7
2026-02-02,TIPCA,Tesouro IPCA+,2050-08-15,6.9,903.55
2026-02-02,TIPCA,Tesouro IPCA+,2045-05-15,7.07,1241.51
2026-02-02,TIPCA,Tesouro IPCA+,2040-08-15,7.3,1660.48
2026-02-02,TIPCA,Tesouro IPCA+,2029-05-15,7.61,3622.12
2026-02-02,TIPCA,Tesouro IPCA+,2026-08-15,10.21,4364.63
2026-02-02,TIPCA,Tesouro IPCA+,2035-05-15,7.42,2376.43
2026-02-02,TIPCA,Tesouro IPCA+,2032-08-15,7.59,2858.19
2026-01-02,TS,Tesouro Selic,2027-03-01,0.02,18101.07
2026-01-02,TS,Tesouro Selic,2029-03-01,0.07,18067.3
2026-01-02,TS,Tesouro Selic,2028-03-01,0.05,18086.91
2026-01-02,TS,Tesouro Selic,2031-03-01,0.1,18012.57
2026-01-02,TS,Tesouro Selic,2026-03-01,0.02,18105.3
2026-01-02,TPRE,Tesouro Prefixado,2029-01-01,13.16,693.16
2026-01-02,TPRE,Tesouro Prefixado,2031-01-01,13.46,535.05
2026-01-02,TPRE,Tesouro Prefixado,2027-01-01,13.65,881.68
2026-01-02,TPRE,Tesouro Prefixado,2028-01-01,13.04,784.49
2026-01-02,TPRE,Tesouro Prefixado,2032-01-01,13.6,468.13
2026-01-02,TIPCA,Tesouro IPCA+,2050-08-15,6.93,889.71
2026-01-02,TIPCA,Tesouro IPCA+,2045-05-15,6.93,1262.11
2026-01-02,TIPCA,Tesouro IPCA+,2026-08-15,10.25,4315.42
2026-01-02,TIPCA,Tesouro IPCA+,2035-05-15,7.2,2400.5
2026-01-02,TIPCA,Tesouro IPCA+,2040-08-15,7.07,1697.9
2026-01-02,TIPCA,Tesouro IPCA+,2029-05-15,7.72,3577.03
2025-12-01,TS,Tesouro Selic,2027-03-01,0.03,17881.59
2025-12-01,TS,Tesouro Selic,2031-03-01,0.1,17792.81
2025-12-01,TS,Tesouro Selic,2026-03-01,0.02,17886.88
2025-12-01,TS,Tesouro Selic,2028-03-01,0.05,17867.2
2025-12-01,TS,Tesouro Selic,2029-03-01,0.07,17845.61
2025-12-01,TPRE,Tesouro Prefixado,2027-01-01,13.5,873.12
2025-12-01,TPRE,Tesouro Prefixado,2028-01-01,12.8,779.56
2025-12-01,TPRE,Tesouro Prefixado,2026-01-01,14.87,988.51
2025-12-01,TPRE,Tesouro Prefixado,2029-01-01,12.81,692.24
2025-12-01,TPRE,Tesouro Prefixado,2032-01-01,13.26,471.4
2025-12-01,TPRE,Tesouro Prefixado,2031-01-01,13.09,537.97
2025-12-01,TIPCA,Tesouro IPCA+,2045-05-15,6.93,1251.04
2025-12-01,TIPCA,Tesouro IPCA+,2040-08-15,6.95,1710.62
2025-12-01,TIPCA,Tesouro IPCA+,2029-05-15,7.77,3537.76
2025-12-01,TIPCA,Tesouro IPCA+,2026-08-15,10.02,4272.37
2025-12-01,TIPCA,Tesouro IPCA+,2050-08-15,6.83,902.39
2025-12-01,TIPCA,Tesouro IPCA+,2035-05-15,7.19,2380.99
2025-11-03,TS,Tesouro Selic,2027-03-01,0.02,17695.77
2025-11-03,TS,Tesouro Selic,2028-03-01,0.05,17681.04
2025-11-03,TS,Tesouro Selic,2026-03-01,-0.0,17701.27
2025-11-03,TS,Tesouro Selic,2031-03-01,0.1,17606.75
2025-11-03,TS,Tesouro Selic,2029-03-01,0.08,17656.26
2025-11-03,TPRE,Tesouro Prefixado,2028-01-01,13.13,767.69
2025-11-03,TPRE,Tesouro Prefixado,2031-01-01,13.46,524.17
2025-11-03,TPRE,Tesouro Prefixado,2027-01-01,13.77,862.47
2025-11-03,TPRE,Tesouro Prefixado,2029-01-01,13.15,679.55
2025-11-03,TPRE,Tesouro Prefixado,2026-01-01,14.84,978.27
2025-11-03,TPRE,Tesouro Prefixado,2032-01-01,13.62,458.02
2025-11-03,TIPCA,Tesouro IPCA+,2040-08-15,7.3,1620.49
2025-11-03,TIPCA,Tesouro IPCA+,2050-08-15,6.96,870.49
2025-11-03,TIPCA,Tesouro IPCA+,2045-05-15,7.13,1199.14
2025-11-03,TIPCA,Tesouro IPCA+,2035-05-15,7.48,2306.35
2025-11-03,TIPCA,Tesouro IPCA+,2029-05-15,7.95,3493.71
2025-11-03,TIPCA,Tesouro IPCA+,2026-08-15,9.97,4238.7
2025-10-01,TS,Tesouro Selic,2026-03-01,-0.01,17478.8
2025-10-01,TS,Tesouro Selic,2031-03-01,0.1,17381.76
2025-10-01,TS,Tesouro Selic,2027-03-01,0.03,17471.36
2025-10-01,TS,Tesouro Selic,2028-03-01,0.05,17457.32
2025-10-01,TS,Tesouro Selic,2029-03-01,0.08,17429.15
2025-10-01,TPRE,Tesouro Prefixado,2029-01-01,13.27,669.64
2025-10-01,TPRE,Tesouro Prefixado,2027-01-01,13.97,850.52
2025-10-01,TPRE,Tesouro Prefixado,2032-01-01,13.63,452.47
2025-10-01,TPRE,Tesouro Prefixado,2028-01-01,13.32,756.26
2025-10-01,TPRE,Tesouro Prefixado,2031-01-01,13.5,517.21
2025-10-01,TPRE,Tesouro Prefixado,2026-01-01,14.74,966.2
2025-10-01,TIPCA,Tesouro IPCA+,2026-08-15,9.76,4197.69
2025-10-01,TIPCA,Tesouro IPCA+,2050-08-15,7.01,852.92
2025-10-01,TIPCA,Tesouro IPCA+,2040-08-15,7.17,1634.79
2025-10-01,TIPCA,Tesouro IPCA+,2029-05-15,7.88,3468.08
2025-10-01,TIPCA,Tesouro IPCA+,2045-05-15,7.12,1190.58
2025-10-01,TIPCA,Tesouro IPCA+,2035-05-15,7.49,2283.0
2025-09-01,TS,Tesouro Selic,2026-03-01,-0.02,17269.06
2025-09-01,TS,Tesouro Selic,2029-03-01,0.09,17214.42
2025-09-01,TS,Tesouro Selic,2027-03-01,0.03,17260.42
2025-09-01,TS,Tesouro Selic,2031-03-01,0.11,17168.3
2025-09-01,TS,Tesouro Selic,2028-03-01,0.05,17246.16
2025-09-01,TPRE,Tesouro Prefixado,2028-01-01,13.27,748.81
2025-09-01,TPRE,Tesouro Prefixado,2026-01-01,14.77,954.59
2025-09-01,TPRE,Tesouro Prefixado,2029-01-01,13.3,661.82
2025-09-01,TPRE,Tesouro Prefixado,2027-01-01,13.9,841.55
2025-09-01,TPRE,Tesouro Prefixado,2032-01-01,13.78,443.75
2025-09-01,TPRE,Tesouro Prefixado,2031-01-01,13.62,508.67
2025-09-01,TIPCA,Tesouro IPCA+,2026-08-15,9.78,4151.73
2025-09-01,TIPCA,Tesouro IPCA+,2029-05-15,7.76,3449.93
2025-09-01,TIPCA,Tesouro IPCA+,2040-08-15,7.19,1616.05
2025-09-01,TIPCA,Tesouro IPCA+,2050-08-15,6.99,849.53
2025-09-01,TIPCA,Tesouro IPCA+,2045-05-15,7.13,1178.09
2025-09-01,TIPCA,Tesouro IPCA+,2035-05-15,7.43,2274.73
2025-08-01,TS,Tesouro Selic,2027-03-01,0.03,17060.79
2025-08-01,TS,Tesouro Selic,2026-03-01,-0.01,17069.84
2025-08-01,TS,Tesouro Selic,2029-03-01,0.09,17014.18
2025-08-01,TS,Tesouro Selic,2028-03-01,0.05,17046.64
2025-08-01,TS,Tesouro Selic,2031-03-01,0.11,16968.38
2025-08-01,TPRE,Tesouro Prefixado,2031-01-01,13.85,497.84
2025-08-01,TPRE,Tesouro Prefixado,2028-01-01,13.67,734.82
2025-08-01,TPRE,Tesouro Prefixado,2029-01-01,13.63,648.54
2025-08-01,TPRE,Tesouro Prefixado,2027-01-01,14.3,828.37
2025-08-01,TPRE,Tesouro Prefixado,2026-01-01,14.84,943.45
2025-08-01,TPRE,Tesouro Prefixado,2032-01-01,13.96,434.6
2025-08-01,TIPCA,Tesouro IPCA+,2045-05-15,7.15,1167.62
2025-08-01,TIPCA,Tesouro IPCA+,2035-05-15,7.38,2272.52
2025-08-01,TIPCA,Tesouro IPCA+,2050-08-15,6.93,857.04
2025-08-01,TIPCA,Tesouro IPCA+,2026-08-15,10.11,4108.74
2025-08-01,TIPCA,Tesouro IPCA+,2029-05-15,7.94,3408.75
2025-08-01,TIPCA,Tesouro IPCA+,2040-08-15,7.16,1614.24
2025-07-01,TS,Tesouro Selic,2026-03-01,0.0,16853.47
2025-07-01,TS,Tesouro Selic,2029-03-01,0.1,16793.4
2025-07-01,TS,Tesouro Selic,2031-03-01,0.11,16754.52
2025-07-01,TS,Tesouro Selic,2027-03-01,0.04,16843.99
2025-07-01,TS,Tesouro Selic,2028-03-01,0.05,16830.43
2025-07-01,TPRE,Tesouro Prefixado,2028-01-01,13.21,733.67
2025-07-01,TPRE,Tesouro Prefixado,2026-01-01,14.8,931.78
2025-07-01,TPRE,Tesouro Prefixado,2027-01-01,14.04,821.13
2025-07-01,TPRE,Tesouro Prefixado,2031-01-01,13.19,507.88
2025-07-01,TPRE,Tesouro Prefixado,2029-01-01,13.09,651.74
2025-07-01,TPRE,Tesouro Prefixado,2032-01-01,13.29,446.14
2025-07-01,TIPCA,Tesouro IPCA+,2045-05-15,6.84,1224.16
2025-07-01,TIPCA,Tesouro IPCA+,2026-08-15,9.79,4071.32
2025-07-01,TIPCA,Tesouro IPCA+,2035-05-15,6.97,2335.62
2025-07-01,TIPCA,Tesouro IPCA+,2050-08-15,6.69,897.71
2025-07-01,TIPCA,Tesouro IPCA+,2040-08-15,6.81,1678.88
2025-07-01,TIPCA,Tesouro IPCA+,2029-05-15,7.43,3434.68
2025-06-02,TS,Tesouro Selic,2029-03-01,0.1,16609.84
2025-06-02,TS,Tesouro Selic,2026-03-01,0.01,16669.2
2025-06-02,TS,Tesouro Selic,2027-03-01,0.04,16658.9
2025-06-02,TS,Tesouro Selic,2031-03-01,0.11,16566.56
2025-06-02,TS,Tesouro Selic,2028-03-01,0.06,16643.05
2025-06-02,TPRE,Tesouro Prefixado,2029-01-01,13.65,634.16
2025-06-02,TPRE,Tesouro Prefixado,2026-01-01,14.68,922.2
2025-06-02,TPRE,Tesouro Prefixado,2031-01-01,13.8,488.13
2025-06-02,TPRE,Tesouro Prefixado,2032-01-01,13.87,427.22
2025-06-02,TPRE,Tesouro Prefixado,2027-01-01,14.06,812.39
2025-06-02,TPRE,Tesouro Prefixado,2028-01-01,13.57,720.56
2025-06-02,TIPCA,Tesouro IPCA+,2050-08-15,6.94,840.9
2025-06-02,TIPCA,Tesouro IPCA+,2045-05-15,7.05,1169.37
2025-06-02,TIPCA,Tesouro IPCA+,2035-05-15,7.16,2279.12
2025-06-02,TIPCA,Tesouro IPCA+,2026-08-15,9.3,4056.65
2025-06-02,TIPCA,Tesouro IPCA+,2040-08-15,7.01,1620.96
2025-06-02,TIPCA,Tesouro IPCA+,2029-05-15,7.44,3408.53
