data_aplicacao,produto_id,prazo_dias,data_vencimento_escolhida,gap_dias,taxa_compra_aa,pu_compra
2025-06-02,TS,15,2026-03-01,257,0.01,16669.2
2025-06-02,TS,180,2026-03-01,92,0.01,16669.2
2025-06-02,TS,360,2026-03-01,-88,0.01,16669.2
2025-06-02,TS,720,2027-03-01,-83,0.04,16658.9
2025-06-02,TS,1080,2028-03-01,-77,0.06,16643.05
2025-06-02,TPRE,15,2026-01-01,198,14.68,922.2
2025-06-02,TPRE,180,2026-01-01,33,14.68,922.2
2025-06-02,TPRE,360,2026-01-01,-147,14.68,922.2
2025-06-02,TPRE,720,2027-01-01,-142,14.06,812.39
2025-06-02,TPRE,1080,2028-01-01,-137,13.57,720.56
2025-06-02,TIPCA,15,2026-08-15,424,9.3,4056.65
2025-06-02,TIPCA,180,2026-08-15,259,9.3,4056.65
2025-06-02,TIPCA,360,2026-08-15,79,9.3,4056.65
2025-06-02,TIPCA,720,2026-08-15,-281,9.3,4056.65
2025-06-02,TIPCA,1080,2029-05-15,363,7.44,3408.53
2025-07-01,TS,15,2026-03-01,228,0.0,16853.47
2025-07-01,TS,180,2026-03-01,63,0.0,16853.47
2025-07-01,TS,360,2026-03-01,-117,0.0,16853.47
2025-07-01,TS,720,2027-03-01,-112,0.04,16843.99
2025-07-01,TS,1080,2028-03-01,-106,0.05,16830.43
2025-07-01,TPRE,15,2026-01-01,169,14.8,931.78
2025-07-01,TPRE,180,2026-01-01,4,14.8,931.78
2025-07-01,TPRE,360,2026-01-01,-176,14.8,931.78
2025-07-01,TPRE,720,2027-01-01,-171,14.04,821.13
2025-07-01,TPRE,1080,2028-01-01,-166,13.21,733.67
2025-07-01,TIPCA,15,2026-08-15,395,9.79,4071.32
2025-07-01,TIPCA,180,2026-08-15,230,9.79,4071.32
2025-07-01,TIPCA,360,2026-08-15,50,9.79,4071.32
2025-07-01,TIPCA,720,2026-08-15,-310,9.79,4071.32
2025-07-01,TIPCA,1080,2029-05-15,334,7.43,3434.68
2025-08-01,TS,15,2026-03-01,197,-0.01,17069.84
2025-08-01,TS,180,2026-03-01,32,-0.01,17069.84
2025-08-01,TS,360,2026-03-01,-148,-0.01,17069.84
2025-08-01,TS,720,2027-03-01,-143,0.03,17060.79
2025-08-01,TS,1080,2028-03-01,-137,0.05,17046.64
2025-08-01,TPRE,15,2026-01-01,138,14.84,943.45
2025-08-01,TPRE,180,2026-01-01,-27,14.84,943.45
2025-08-01,TPRE,360,2027-01-01,158,14.3,828.37
2025-08-01,TPRE,720,2028-01-01,163,13.67,734.82
2025-08-01,TPRE,1080,2029-01-01,169,13.63,648.54
2025-08-01,TIPCA,15,2026-08-15,364,10.11,4108.74
2025-08-01,TIPCA,180,2026-08-15,199,10.11,4108.74
2025-08-01,TIPCA,360,2026-08-15,19,10.11,4108.74
2025-08-01,TIPCA,720,2026-08-15,-341,10.11,4108.74
2025-08-01,TIPCA,1080,2029-05-15,303,7.94,3408.75
2025-09-01,TS,15,2026-03-01,166,-0.02,17269.06
2025-09-01,TS,180,2026-03-01,1,-0.02,17269.06
2025-09-01,TS,360,2026-03-01,-179,-0.02,17269.06
2025-09-01,TS,720,2027-03-01,-174,0.03,17260.42
2025-09-01,TS,1080,2028-03-01,-168,0.05,17246.16
2025-09-01,TPRE,15,2026-01-01,107,14.77,954.59
2025-09-01,TPRE,180,2026-01-01,-58,14.77,954.59
2025-09-01,TPRE,360,2027-01-01,127,13.9,841.55
2025-09-01,TPRE,720,2028-01-01,132,13.27,748.81
2025-09-01,TPRE,1080,2029-01-01,138,13.3,661.82
2025-09-01,TIPCA,15,2026-08-15,333,9.78,4151.73
2025-09-01,TIPCA,180,2026-08-15,168,9.78,4151.73
2025-09-01,TIPCA,360,2026-08-15,-12,9.78,4151.73
2025-09-01,TIPCA,720,2026-08-15,-372,9.78,4151.73
2025-09-01,TIPCA,1080,2029-05-15,272,7.76,3449.93
2025-10-01,TS,15,2026-03-01,136,-0.01,17478.8
2025-10-01,TS,180,2026-03-01,-29,-0.01,17478.8
2025-10-01,TS,360,2027-03-01,156,0.03,17471.36
2025-10-01,TS,720,2028-03-01,162,0.05,17457.32
2025-10-01,TS,1080,2029-03-01,167,0.08,17429.15
2025-10-01,TPRE,15,2026-01-01,77,14.74,966.2
2025-10-01,TPRE,180,2026-01-01,-88,14.74,966.2
2025-10-01,TPRE,360,2027-01-01,97,13.97,850.52
2025-10-01,TPRE,720,2028-01-01,102,13.32,756.26
2025-10-01,TPRE,1080,2029-01-01,108,13.27,669.64
2025-10-01,TIPCA,15,2026-08-15,303,9.76,4197.69
2025-10-01,TIPCA,180,2026-08-15,138,9.76,4197.69
2025-10-01,TIPCA,360,2026-08-15,-42,9.76,4197.69
2025-10-01,TIPCA,720,2026-08-15,-402,9.76,4197.69
2025-10-01,TIPCA,1080,2029-05-15,242,7.88,3468.08
2025-11-03,TS,15,2026-03-01,103,-0.0,17701.27
2025-11-03,TS,180,2026-03-01,-62,-0.0,17701.27
2025-11-03,TS,360,2027-03-01,123,0.02,17695.77
2025-11-03,TS,720,2028-03-01,129,0.05,17681.04
2025-11-03,TS,1080,2029-03-01,134,0.08,17656.26
2025-11-03,TPRE,15,2026-01-01,44,14.84,978.27
2025-11-03,TPRE,180,2026-01-01,-121,14.84,978.27
2025-11-03,TPRE,360,2027-01-01,64,13.77,862.47
2025-11-03,TPRE,720,2028-01-01,69,13.13,767.69
2025-11-03,TPRE,1080,2029-01-01,75,13.15,679.55
2025-11-03,TIPCA,15,2026-08-15,270,9.97,4238.7
2025-11-03,TIPCA,180,2026-08-15,105,9.97,4238.7
2025-11-03,TIPCA,360,2026-08-15,-75,9.97,4238.7
2025-11-03,TIPCA,720,2026-08-15,-435,9.97,4238.7
2025-11-03,TIPCA,1080,2029-05-15,209,7.95,3493.71
2025-12-01,TS,15,2026-03-01,75,0.02,17886.88
2025-12-01,TS,180,2026-03-01,-90,0.02,17886.88
2025-12-01,TS,360,2027-03-01,95,0.03,17881.59
2025-12-01,TS,720,2028-03-01,101,0.05,17867.2
2025-12-01,TS,1080,2029-03-01,106,0.07,17845.61
2025-12-01,TPRE,15,2026-01-01,16,14.87,988.51
2025-12-01,TPRE,180,2026-01-01,-149,14.87,988.51
2025-12-01,TPRE,360,2027-01-01,36,13.5,873.12
2025-12-01,TPRE,720,2028-01-01,41,12.8,779.56
2025-12-01,TPRE,1080,2029-01-01,47,12.81,692.24
2025-12-01,TIPCA,15,2026-08-15,242,10.02,4272.37
2025-12-01,TIPCA,180,2026-08-15,77,10.02,4272.37
2025-12-01,TIPCA,360,2026-08-15,-103,10.02,4272.37
2025-12-01,TIPCA,720,2026-08-15,-463,10.02,4272.37
2025-12-01,TIPCA,1080,2029-05-15,181,7.77,3537.76
2026-01-02,TS,15,2026-03-01,43,0.02,18105.3
2026-01-02,TS,180,2026-03-01,-122,0.02,18105.3
2026-01-02,TS,360,2027-03-01,63,0.02,18101.07
2026-01-02,TS,720,2028-03-01,69,0.05,18086.91
2026-01-02,TS,1080,2029-03-01,74,0.07,18067.3
2026-01-02,TPRE,15,2027-01-01,349,13.65,881.68
2026-01-02,TPRE,180,2027-01-01,184,13.65,881.68
2026-01-02,TPRE,360,2027-01-01,4,13.65,881.68
2026-01-02,TPRE,720,2028-01-01,9,13.04,784.49
2026-01-02,TPRE,1080,2029-01-01,15,13.16,693.16
2026-01-02,TIPCA,15,2026-08-15,210,10.25,4315.42
2026-01-02,TIPCA,180,2026-08-15,45,10.25,4315.42
2026-01-02,TIPCA,360,2026-08-15,-135,10.25,4315.42
2026-01-02,TIPCA,720,2026-08-15,-495,10.25,4315.42
2026-01-02,TIPCA,1080,2029-05-15,149,7.72,3577.03
2026-02-02,TS,15,2026-03-01,12,0.03,18316.21
2026-02-02,TS,180,2026-03-01,-153,0.03,18316.21
2026-02-02,TS,360,2027-03-01,32,0.02,18313.2
2026-02-02,TS,720,2028-03-01,38,0.05,18299.45
2026-02-02,TS,1080,2029-03-01,43,0.06,18282.21
2026-02-02,TPRE,15,2027-01-01,318,13.35,893.25
2026-02-02,TPRE,180,2027-01-01,153,13.35,893.25
2026-02-02,TPRE,360,2027-01-01,-27,13.35,893.25
2026-02-02,TPRE,720,2028-01-01,-22,12.66,797.63
2026-02-02,TPRE,1080,2029-01-01,-16,12.75,707.7
2026-02-02,TIPCA,15,2026-08-15,179,10.21,4364.63
2026-02-02,TIPCA,180,2026-08-15,14,10.21,4364.63
2026-02-02,TIPCA,360,2026-08-15,-166,10.21,4364.63
2026-02-02,TIPCA,720,2029-05-15,478,7.61,3622.12
2026-02-02,TIPCA,1080,2029-05-15,118,7.61,3622.12
2026-03-02,TS,15,2027-03-01,349,0.01,18497.49
2026-03-02,TS,180,2027-03-01,184,0.01,18497.49
2026-03-02,TS,360,2027-03-01,4,0.01,18497.49
2026-03-02,TS,720,2028-03-01,10,0.04,18486.26
2026-03-02,TS,1080,2029-03-01,15,0.06,18465.75
2026-03-02,TPRE,15,2027-01-01,290,13.2,902.28
2026-03-02,TPRE,180,2027-01-01,125,13.2,902.28
2026-03-02,TPRE,360,2027-01-01,-55,13.2,902.28
2026-03-02,TPRE,720,2028-01-01,-50,12.67,804.32
2026-03-02,TPRE,1080,2029-01-01,-44,12.79,713.09
2026-03-02,TIPCA,15,2026-08-15,151,9.85,4423.32
2026-03-02,TIPCA,180,2026-08-15,-14,9.85,4423.32
2026-03-02,TIPCA,360,2026-08-15,-194,9.85,4423.32
2026-03-02,TIPCA,720,2029-05-15,450,7.54,3666.66
2026-03-02,TIPCA,1080,2029-05-15,90,7.54,3666.66
2026-04-01,TS,15,2027-03-01,319,-0.0,18723.66
2026-04-01,TS,180,2027-03-01,154,-0.0,18723.66
2026-04-01,TS,360,2027-03-01,-26,-0.0,18723.66
2026-04-01,TS,720,2028-03-01,-20,0.01,18718.08
2026-04-01,TS,1080,2029-03-01,-15,0.04,18701.65
2026-04-01,TPRE,15,2027-01-01,260,13.73,908.94
2026-04-01,TPRE,180,2027-01-01,95,13.73,908.94
2026-04-01,TPRE,360,2027-01-01,-85,13.73,908.94
2026-04-01,TPRE,720,2028-01-01,-80,13.62,800.96
2026-04-01,TPRE,1080,2029-01-01,-74,13.65,705.87
2026-04-01,TIPCA,15,2026-08-15,121,8.86,4508.08
2026-04-01,TIPCA,180,2026-08-15,-44,8.86,4508.08
2026-04-01,TIPCA,360,2026-08-15,-224,8.86,4508.08
2026-04-01,TIPCA,720,2029-05-15,420,7.69,3701.61
2026-04-01,TIPCA,1080,2029-05-15,60,7.69,3701.61
2026-05-04,TS,15,2027-03-01,286,0.0,18926.61
2026-05-04,TS,180,2027-03-01,121,0.0,18926.61
2026-05-04,TS,360,2027-03-01,-59,0.0,18926.61
2026-05-04,TS,720,2028-03-01,-53,0.02,18920.8
2026-05-04,TS,1080,2029-03-01,-48,0.05,18902.86
2026-05-04,TPRE,15,2027-01-01,227,13.94,917.15
2026-05-04,TPRE,180,2027-01-01,62,13.94,917.15
2026-05-04,TPRE,360,2027-01-01,-118,13.94,917.15
2026-05-04,TPRE,720,2028-01-01,-113,13.75,807.59
2026-05-04,TPRE,1080,2029-01-01,-107,13.75,711.42
2026-05-04,TIPCA,15,2026-08-15,88,9.14,4576.66
2026-05-04,TIPCA,180,2026-08-15,-77,9.14,4576.66
2026-05-04,TIPCA,360,2026-08-15,-257,9.14,4576.66
2026-05-04,TIPCA,720,2029-05-15,387,7.85,3740.77
2026-05-04,TIPCA,1080,2029-05-15,27,7.85,3740.77
